"Qty";"Value";"Device";"Package";"Parts";"Description";"DESCRIPTION";"DIGI-KEY_PART_NUMBER";"DIGI-KEY_PURCHASE_URL";"MF";"MP";"MPN";"OC_FARNELL";"OC_NEWARK";"PACKAGE";"POPULARITY";"SPICEPREFIX";
"1";"";"BC-2003SMD";"BC-2003";"BATT";"Batter Holder for the following:";"";"";"";"";"";"";"";"";"";"";"";
"5";"";"C-USC0805";"C0805";"C1, C2, C3, C4, C5";"CAPACITOR, American symbol";"";"";"";"";"";"";"";"";"";"63";"C";
"1";"";"CRYSTALHC49UP";"HC49UP";"Q1";"CRYSTAL";"";"";"";"";"";"";"unknown";"unknown";"";"19";"";
"16";"";"LEDCHIP-LED0805";"CHIP-LED0805";"LED1, LED2, LED3, LED4, LED5, LED6, LED7, LED8, LED9, LED10, LED11, LED12, LED13, LED14, LED15, LED16";"LED";"";"";"";"";"";"";"";"";"";"68";"";
"17";"";"R-EU_R0805";"R0805";"R1, R2, R3, R4, R5, R6, R7, R8, R9, R10, R11, R12, R13, R14, R15, R16, R17";"RESISTOR, European symbol";"";"";"";"";"";"";"";"";"";"86";"R";
"1";"ATMEGA328PB-AUR";"ATMEGA328PB-AUR";"QFP80P900X900X120-32N";"U1";"ATmega Series 20 MHz 32 KB Flash 2 KB SRAM 8-Bit Microcontroller - TQFP-32";" AVR microcontroller";" EEPROM: 1024B";" SRAM: 2kB";" Flash: 32kB";" TQFP32 ";"ATMEGA328PB-AURCT-ND";"https://www.digikey.com/product-detail/en/microchip-technology/ATMEGA328PB-AUR/ATMEGA328PB-AURCT-ND/5722706?utm_source=snapeda&utm_medium=aggregator&utm_campaign=symbol";"Microchip";"ATMEGA328PB-AUR";"";"";
"1";"AVRISP-6";"AVRISP-6";"AVRISP";"ISP1";"AVR ISP HEADER";"";"";"";"";"";"";"";"";"";"";"";
"1";"TC2030-IDC-NL";"TC2030-IDC-NL";"TC2030-IDC-NL";"TC1";"Tag-Connect In Circuit Programming & Debug Cable 6 Pin";"";"";"";"";"";"";"";"";"";"";"";
